<?xml version="1.0" encoding="UTF-8"?>
<esb:esbXML xmlns:core="http://davivienda.com/envelope/coreextension" xmlns:esb="http://davivienda.com/envelope/esbxml" xmlns:msg="http://davivienda.com/envelope/messageformat" xmlns:xsi="http://www.w3.org/2001/XMLSchema-instance" xsi:schemaLocation="http://davivienda.com/envelope/esbxml esbXML-1.0.xsd ">
  <Header>
    <systemId>systemId</systemId>
    <messageId>messageId</messageId>
    <requestData>
      <endpointReference>
        <serviceName>serviceName</serviceName>
        <configuration>
          <timeout>0</timeout>
          <traceable>true</traceable>
          <auditable>true</auditable>
        </configuration>
        <routingData/>
      </endpointReference>
    </requestData>
    <responseData>
      <providerData>
        <systemId>systemId</systemId>
      </providerData>
      <status>
        <statusCode>Success</statusCode>
      </status>
    </responseData>
  </Header>
  <Body/>
</esb:esbXML>
