<?xml version="1.0" encoding="UTF-8"?>
<esb:esbXML xmlns:core="http://davivienda.com/envelope/coreextension" xmlns:esb="http://davivienda.com/envelope/esbxml" xmlns:msg="http://davivienda.com/envelope/messageformat" xmlns:xsi="http://www.w3.org/2001/XMLSchema-instance" xsi:schemaLocation="http://davivienda.com/envelope/esbxml esbXML-1.0.xsd ">
  <Header>
    <systemId>systemId</systemId>
    <messageId>messageId</messageId>
    <transactionID>transactionID</transactionID>
    <tracingData>
      <componentId>componentId</componentId>
      <timeStamp>2001-12-31T12:00:00</timeStamp>
    </tracingData>
    <interactionData>
      <externalDestination>http://tempuri.org</externalDestination>
      <externalMessageId>externalMessageId</externalMessageId>
    </interactionData>
    <requestData>
      <authenticationInfo>
        <userName>userName</userName>
        <userToken>P1D</userToken>
      </authenticationInfo>
      <authorizationInfo>
        <accessControlList>
          <systemId>systemId</systemId>
        </accessControlList>
        <transactionControlList>
          <transactionCode>transactionCode</transactionCode>
          <transactionName>transactionName</transactionName>
        </transactionControlList>
      </authorizationInfo>
      <endpointReference>
        <serviceId>serviceId</serviceId>
        <serviceName>serviceName</serviceName>
        <transactionName>transactionName</transactionName>
        <transactionCode>transactionCode</transactionCode>
        <namespace>http://tempuri.org</namespace>
        <operation>operation</operation>
        <configuration>
          <timeout>0</timeout>
          <traceable>true</traceable>
          <auditable>true</auditable>
        </configuration>
        <routingData>
          <requestQueueEndpoint>
            <queueName>queueName</queueName>
          </requestQueueEndpoint>
          <responseQueueEndpoint>
            <queueName>queueName</queueName>
          </responseQueueEndpoint>
          <endpointURL>http://tempuri.org</endpointURL>
        </routingData>
        <associatedService>
          <associatedServiceId>associatedServiceId</associatedServiceId>
          <associatedServiceName>associatedServiceName</associatedServiceName>
          <associatedSystemId>associatedSystemId</associatedSystemId>
          <associatedRoutingData/>
        </associatedService>
      </endpointReference>
    </requestData>
    <responseData>
      <providerData>
        <systemId>systemId</systemId>
        <messageId>messageId</messageId>
      </providerData>
      <status>
        <statusCode>Success</statusCode>
        <systemException>
          <faultcode>QName</faultcode>
          <faultstring>faultstring</faultstring>
          <faultactor>http://tempuri.org</faultactor>
          <detail>detail</detail>
        </systemException>
      </status>
    </responseData>
    <internalRoutingData>
      <replyToQueue>
        <queueManagerName>queueManagerName</queueManagerName>
        <queueName>queueName</queueName>
      </replyToQueue>
      <routingStack>
        <replyToLocation>http://tempuri.org</replyToLocation>
        <replyToAddress>http://tempuri.org</replyToAddress>
        <correlationId>0F00</correlationId>
        <messageId>0F00</messageId>
      </routingStack>
    </internalRoutingData>
    <messageContext>
      <property>
        <key>key</key>
        <value>value</value>
      </property>
    </messageContext>
  </Header>
  <Body/>
</esb:esbXML>
